{
  "Saudi Arabia": [
    25.6242618,
    42.3528328
  ],
  "United States": [
    39.7837304,
    -100.445882
  ],
  "China": [
    35.0000663,
    104.999955
  ],
  "Japan": [
    36.5748441,
    139.2394179
  ],
  "France": [
    46.603354,
    1.8883335
  ],
  "Norway": [
    64.5731537,
    11.52803643954819
  ],
  "United Kingdom": [
    54.7023545,
    -3.2765753
  ],
  "Australia": [
    -24.7761086,
    134.755
  ],
  "Switzerland": [
    46.7985624,
    8.2319736
  ],
  "Germany": [
    51.1638175,
    10.4478313
  ],
  "Canada": [
    61.0666922,
    -107.991707
  ],
  "Korea, Republic of": [
    36.638392,
    127.6961188
  ],
  "Spain": [
    39.3260685,
    -4.8379791
  ],
  "Brazil": [
    -10.3333333,
    -53.2
  ],
  "Sweden": [
    59.6749712,
    14.5208584
  ],
  "Denmark": [
    55.670249,
    10.3333283
  ],
  "Italy": [
    42.6384261,
    12.674297
  ],
  "Turkey": [
    39.294076,
    35.2316631
  ],
  "India": [
    22.3511148,
    78.6677428
  ],
  "Netherlands": [
    52.2434979,
    5.6343227
  ],
  "Hong Kong": [
    22.350627,
    114.1849161
  ],
  "Belgium": [
    50.6402809,
    4.6667145
  ],
  "Ireland": [
    52.865196,
    -7.9794599
  ],
  "Singapore": [
    1.357107,
    103.8194992
  ],
  "Thailand": [
    14.8971921,
    100.83273
  ],
  "United Arab Emirates": [
    24.0002488,
    53.9994829
  ],
  "Colombia": [
    4.099917,
    -72.9088133
  ],
  "Finland": [
    63.2467777,
    25.9209164
  ],
  "Mexico": [
    23.6585116,
    -102.0077097
  ],
  "Qatar": [
    25.3336984,
    51.2295295
  ],
  "Austria": [
    47.59397,
    14.12456
  ],
  "Indonesia": [
    -2.4833826,
    117.8902853
  ],
  "Bermuda": [
    32.3040273,
    -64.7563086
  ],
  "Poland": [
    52.215933,
    19.134422
  ],
  "Czechia": [
    49.7439047,
    15.3381061
  ],
  "Israel": [
    30.8124247,
    34.8594762
  ],
  "South Africa": [
    -28.8166236,
    24.991639
  ],
  "Hungary": [
    47.1817585,
    19.5060937
  ],
  "Luxembourg": [
    49.6112768,
    6.129799
  ],
  "Portugal": [
    39.6621648,
    -8.1353519
  ],
  "Kazakhstan": [
    48.1012954,
    66.7780818
  ],
  "Malaysia": [
    4.5693754,
    102.2656823
  ],
  "Philippines": [
    12.7503486,
    122.7312101
  ],
  "Kuwait": [
    29.3796532,
    47.9734174
  ],
  "Argentina": [
    -34.9964963,
    -64.9672817
  ],
  "Chile": [
    -31.7613365,
    -71.3187697
  ],
  "Greece": [
    38.9953683,
    21.9877132
  ],
  "Russia": [
    64.6863136,
    97.7453061
  ],
  "Egypt": [
    26.2540493,
    29.2675469
  ],
  "Romania": [
    45.9852129,
    24.6859225
  ],
  "Viet Nam": [
    15.9266657,
    107.9650855
  ],
  "Nigeria": [
    9.6000359,
    7.9999721
  ],
  "New Zealand": [
    -41.5000831,
    172.8344077
  ],
  "Monaco": [
    43.7323492,
    7.4276832
  ],
  "Panama": [
    8.559559,
    -81.1308434
  ],
  "Bahrain": [
    26.030093,
    50.553336789123236
  ],
  "Guernsey": [
    49.46229125,
    -2.5812022503294356
  ],
  "Cambodia": [
    12.5433216,
    104.8144914
  ],
  "Cyprus": [
    34.9174159,
    32.889902651331866
  ],
  "Cayman Islands": [
    19.703182249999998,
    -79.9174627243246
  ],
  "Jersey": [
    49.2214561,
    -2.1358386
  ],
  "Peru": [
    -6.8699697,
    -75.0458515
  ],
  "Uruguay": [
    -32.8755548,
    -56.0201525
  ],
  "Iceland": [
    64.9841821,
    -18.1059013
  ],
  "Isle of Man": [
    54.1936805,
    -4.5591148
  ],
  "Jordan": [
    44.6663146,
    -93.6261918
  ],
  "Malta": [
    35.8885993,
    14.4476911
  ],
  "Estonia": [
    58.7523778,
    25.3319078
  ],
  "Lithuania": [
    55.3500003,
    23.7499997
  ],
  "Bahamas": [
    24.7736546,
    -78.0000547
  ],
  "Oman": [
    21.0000287,
    57.0036901
  ],
  "Sudan": [
    34.0678644,
    -102.524362
  ],
  "Pakistan": [
    30.3308401,
    71.247499
  ],
  "Gibraltar": [
    36.1285933,
    -5.3474761
  ],
  "Virgin Islands, British": [
    18.4024395,
    -64.5661642
  ],
  "Costa Rica": [
    10.2735633,
    -84.0739102
  ],
  "Macau": [
    22.1757605,
    113.5514142
  ]
}